Index,Random,Total Amount,Total Amount 2,STD Dev,Assignment,Combined,Genentic,Reference
0,"[13.276150788024328, -0.09166457623646226, -10322]","[12.756673034972817, -0.013012334605666694, -19248]","[13.091580817930478, -0.00867708704975984, -19686]","[13.091580817930478, -0.00867708704975984, -19686]","[14.834847699872086, -0.11306790483365556, -3582]","[13.091580817930478, -0.00867708704975984, -19686]","[12.201781559994703, -0.07158496862264742, -16231]","[13.726484114152152, -0.019210977287024766, -1146]"
1,"[12.818635996323774, -0.0741166377549218, -14424]","[12.977608899644375, -0.013525924276069213, -19454]","[13.46333493812082, -0.015663652553082382, -20646]","[13.46333493812082, -0.015663652553082382, -20646]","[14.418557567648026, -0.11319505940365927, -3463]","[13.46333493812082, -0.015663652553082382, -20646]","[11.930538039941558, -0.0646847512442801, -15854]","[13.726484114152152, -0.019210977287024766, -1146]"
2,"[14.84095438613212, -0.087264200655061, -14255]","[16.42838649332233, -0.017104434274336774, -15994]","[16.63563263290472, -0.013569276104433968, -20566]","[16.63563263290472, -0.013569276104433968, -20566]","[18.490739631173213, -0.11190293391000743, -3599]","[16.63563263290472, -0.013569276104433968, -20566]","[14.261289420401933, -0.09460726202645568, -16830]","[19.138254994754114, -0.026785051362019457, -1146]"
3,"[12.729719693642878, -0.07154610709476261, -16588]","[13.039999668619707, -0.013110269623101469, -19214]","[13.205558353927287, -0.011550545650695652, -20685]","[13.205558353927287, -0.011550545650695652, -20685]","[14.76345271790153, -0.11377917682051927, -3038]","[13.205558353927287, -0.011550545650695652, -20685]","[12.396716505694553, -0.0691089044567194, -20091]","[13.726484114152152, -0.019210977287024766, -1146]"
4,"[15.659436963913313, -0.10152719658534715, -11142]","[16.295405651962813, -0.014812091233250847, -16497]","[16.94702790950283, -0.014830630325164167, -21515]","[16.94702790950283, -0.014830630325164167, -21515]","[18.31931951394911, -0.12071160486391577, -3965]","[16.94702790950283, -0.014830630325164167, -21515]","[16.003344036139033, -0.10337920281239471, -13149]","[19.138254994754114, -0.026785051362019457, -1146]"
5,"[12.350406747293817, -0.07935327968984504, -14070]","[12.929300730479017, -0.012995690826729451, -19175]","[13.272972594233735, -0.009049239528511192, -21608]","[13.272972594233735, -0.009049239528511192, -21608]","[14.761981017123908, -0.1128128602840887, -4304]","[13.272972594233735, -0.009049239528511192, -21608]","[12.64464983681009, -0.07843646236938266, -18424]","[13.726484114152152, -0.019210977287024766, -1146]"
6,"[15.982407608150465, -0.08545658715039316, -12118]","[16.287219977810892, -0.01414639730973677, -16856]","[16.983688119550944, -0.019214597312950433, -20572]","[16.983688119550944, -0.019214597312950433, -20572]","[18.170115663861658, -0.10977312830238421, -3959]","[16.983688119550944, -0.019214597312950433, -20572]","[15.080070892118805, -0.09650531445370149, -20509]","[19.138254994754114, -0.026785051362019457, -1146]"
7,"[12.690408855995525, -0.07921423790933145, -10284]","[13.1999701520485, -0.014264527850063456, -19632]","[13.367595020617772, -0.008505213855872211, -21861]","[13.367595020617772, -0.008505213855872211, -21861]","[15.373677444079274, -0.11453447447843185, -3399]","[13.367595020617772, -0.008505213855872211, -21861]","[13.192379935984883, -0.07822860537711948, -19326]","[13.726484114152152, -0.019210977287024766, -1146]"
8,"[13.00204723144568, -0.09133523699299485, -12393]","[12.793001243529615, -0.012458361750728607, -20238]","[13.06869525007008, -0.009143832873598993, -23782]","[13.06869525007008, -0.009143832873598993, -23782]","[14.825605716698373, -0.11476159092699252, -4319]","[13.06869525007008, -0.009143832873598993, -23782]","[12.426464387684867, -0.07725471246350392, -17758]","[13.726484114152152, -0.019210977287024766, -1146]"
9,"[15.487441868813914, -0.08632081140081051, -11368]","[16.375869345633532, -0.02112761631600336, -16031]","[16.650352380740415, -0.01561451274256157, -20682]","[16.650352380740415, -0.01561451274256157, -20682]","[18.52312902829648, -0.11272688877991249, -3292]","[16.650352380740415, -0.01561451274256157, -20682]","[14.99705289906626, -0.09372143254431692, -18086]","[19.138254994754114, -0.026785051362019457, -1146]"
10,"[12.132038099830261, -0.07301727540717588, -15757]","[13.041748034350851, -0.013617461569803787, -19767]","[13.357132604127003, -0.008622743844088083, -20812]","[13.357132604127003, -0.008622743844088083, -20812]","[15.06902254433652, -0.1138219766526173, -3693]","[13.357132604127003, -0.008622743844088083, -20812]","[12.75923183851004, -0.07715079721103074, -19647]","[13.726484114152152, -0.019210977287024766, -1146]"
11,"[12.297646115772913, -0.09124558204385712, -12699]","[12.951923558101798, -0.012754167158995026, -18794]","[13.449198254949723, -0.0117993161780996, -21149]","[13.449198254949723, -0.0117993161780996, -21149]","[14.828282702008682, -0.11593769279793847, -4374]","[13.449198254949723, -0.0117993161780996, -21149]","[12.10962154897185, -0.08162230214618697, -18741]","[13.726484114152152, -0.019210977287024766, -1146]"
12,"[15.188081241703129, -0.10177933843385008, -15610]","[16.27357169752046, -0.014695246613743879, -16559]","[16.446473222386587, -0.012110646390894325, -23013]","[16.446473222386587, -0.012110646390894325, -23013]","[18.350587331327045, -0.12231287043669851, -3729]","[16.446473222386587, -0.012110646390894325, -23013]","[15.439726179137258, -0.0925458271076631, -18843]","[19.138254994754114, -0.026785051362019457, -1146]"
13,"[14.749691747953246, -0.08263397130832283, -13115]","[15.585834378190308, -0.014121732391765692, -16878]","[16.610037213019286, -0.014564720360719366, -19849]","[16.610037213019286, -0.014564720360719366, -19849]","[17.9293843578902, -0.11021083003951208, -3007]","[16.610037213019286, -0.014564720360719366, -19849]","[14.055812482072502, -0.07003092993935726, -20231]","[19.138254994754114, -0.026785051362019457, -1146]"
14,"[14.660379394294413, -0.08259621969950255, -11932]","[15.98792384976625, -0.014185446602373135, -17129]","[16.718776157778453, -0.013942339255475536, -20813]","[16.718776157778453, -0.013942339255475536, -20813]","[18.37163948207739, -0.11238136282109581, -3513]","[16.718776157778453, -0.013942339255475536, -20813]","[14.630971135411027, -0.08761080710845583, -14697]","[19.138254994754114, -0.026785051362019457, -1146]"
15,"[12.771238331300188, -0.07338968773576368, -12964]","[12.848657236859763, -0.012585973393762443, -19319]","[13.301065899868625, -0.010975563805786822, -19902]","[13.301065899868625, -0.010975563805786822, -19902]","[14.540657019265605, -0.11432949860684592, -3568]","[13.301065899868625, -0.010975563805786822, -19902]","[11.374388930156694, -0.07746581413058552, -18604]","[13.726484114152152, -0.019210977287024766, -1146]"
16,"[16.001631516908375, -0.079073704544127, -9342]","[15.9385481720572, -0.01424135792465236, -16584]","[16.528186773379932, -0.013010292919870213, -21175]","[16.528186773379932, -0.013010292919870213, -21175]","[18.376691993905467, -0.11210879783392735, -3726]","[16.528186773379932, -0.013010292919870213, -21175]","[14.775703932820205, -0.10520355848998122, -18214]","[19.138254994754114, -0.026785051362019457, -1146]"
17,"[15.644070406619393, -0.09641203404043043, -13244]","[16.188297139936257, -0.013997883728859585, -17948]","[16.58857213998436, -0.012834001233186515, -22720]","[16.58857213998436, -0.012834001233186515, -22720]","[18.631125034694385, -0.11530073210981572, -3617]","[16.58857213998436, -0.012834001233186515, -22720]","[15.156642692863798, -0.0944099747738084, -19397]","[19.138254994754114, -0.026785051362019457, -1146]"
18,"[16.240360761675095, -0.10214995834557358, -9771]","[16.277741650237733, -0.01443140570989361, -16710]","[16.669402311554197, -0.012554372035769142, -22233]","[16.669402311554197, -0.012554372035769142, -22233]","[18.360376507688446, -0.11979503320699336, -3534]","[16.669402311554197, -0.012554372035769142, -22233]","[16.00462040541954, -0.09877202918225411, -15607]","[19.138254994754114, -0.026785051362019457, -1146]"
19,"[12.943539183039686, -0.07093087587414545, -13575]","[12.76262637051975, -0.01286220136250578, -20186]","[13.038421555738488, -0.008371033123427284, -21935]","[13.038421555738488, -0.008371033123427284, -21935]","[14.597602369116437, -0.11269679423265606, -3882]","[13.038421555738488, -0.008371033123427284, -21935]","[11.941560805339035, -0.0789748698478861, -19030]","[13.726484114152152, -0.019210977287024766, -1146]"
20,"[12.258079831813037, -0.07004169372328628, -12077]","[12.854856751191484, -0.013356239631164137, -19642]","[13.293464415755333, -0.012273781277598516, -20422]","[13.293464415755333, -0.012273781277598516, -20422]","[14.594862690214566, -0.1146420280176092, -3552]","[13.293464415755333, -0.012273781277598516, -20422]","[12.414213518059416, -0.07669712206277181, -17299]","[13.726484114152152, -0.019210977287024766, -1146]"
21,"[13.759819434889437, -0.06439168234263343, -11275]","[13.40202512303284, -0.014997484451955801, -20006]","[13.555027794408668, -0.009200755436058737, -21636]","[13.555027794408668, -0.009200755436058737, -21636]","[15.508279201131664, -0.11341793585830846, -3952]","[13.555027794408668, -0.009200755436058737, -21636]","[12.432342153290318, -0.07596413700561955, -17335]","[13.726484114152152, -0.019210977287024766, -1146]"
22,"[13.606360576394547, -0.07323879239440541, -13084]","[13.09570499847086, -0.013731483802973956, -19565]","[13.218268663183506, -0.0077206567478746, -22041]","[13.218268663183506, -0.0077206567478746, -22041]","[15.12901477921409, -0.11329057270195839, -3332]","[13.218268663183506, -0.0077206567478746, -22041]","[12.673249235254328, -0.07213895944601888, -16574]","[13.726484114152152, -0.019210977287024766, -1146]"
23,"[12.669276324231449, -0.07392674901764693, -13282]","[12.779553689011294, -0.013027454958066537, -19945]","[13.151843642454988, -0.011747924525974113, -21179]","[13.151843642454988, -0.011747924525974113, -21179]","[14.882449010363503, -0.11321189562973731, -3872]","[13.151843642454988, -0.011747924525974113, -21179]","[11.196878385920822, -0.06362134265837763, -23991]","[13.726484114152152, -0.019210977287024766, -1146]"
24,"[13.466547221509732, -0.07292146208775373, -10299]","[12.750594218731091, -0.01342230591022228, -19302]","[13.512177433244995, -0.010798084207340361, -19724]","[13.512177433244995, -0.010798084207340361, -19724]","[14.920998461172008, -0.11421403297848112, -3693]","[13.512177433244995, -0.010798084207340361, -19724]","[12.357503768348186, -0.07189335216725322, -20311]","[13.726484114152152, -0.019210977287024766, -1146]"
25,"[14.07422269230598, -0.08504965698688902, -13741]","[16.181499359909832, -0.013868702197895657, -18083]","[16.850395742005098, -0.016605171200110996, -21119]","[16.850395742005098, -0.016605171200110996, -21119]","[18.624099807759134, -0.11576905968828444, -3392]","[16.850395742005098, -0.016605171200110996, -21119]","[15.390386854435341, -0.0902308884176937, -14669]","[19.138254994754114, -0.026785051362019457, -1146]"
26,"[15.598777560192907, -0.09291680315109534, -12687]","[16.052659868802934, -0.013990389521139086, -18892]","[16.586047974418936, -0.012980853352974046, -21376]","[16.586047974418936, -0.012980853352974046, -21376]","[17.871728401071945, -0.1097322195877396, -3702]","[16.586047974418936, -0.012980853352974046, -21376]","[14.26285372910536, -0.09484943874611496, -18515]","[19.138254994754114, -0.026785051362019457, -1146]"
27,"[12.624572454557267, -0.06707002772046736, -15591]","[12.945199994509991, -0.013501582948982032, -19040]","[13.410402710368924, -0.013770072572328951, -20475]","[13.410402710368924, -0.013770072572328951, -20475]","[14.565700642033988, -0.11252034598744386, -3012]","[13.410402710368924, -0.013770072572328951, -20475]","[11.678715748502787, -0.061645315832497084, -17926]","[13.726484114152152, -0.019210977287024766, -1146]"
28,"[12.861019994053386, -0.06690501390469741, -16211]","[13.320428087539922, -0.014482703589254778, -19675]","[13.379162813632833, -0.008104320549806856, -21817]","[13.379162813632833, -0.008104320549806856, -21817]","[15.358946687289706, -0.11402604095394614, -3396]","[13.379162813632833, -0.008104320549806856, -21817]","[12.803770809577257, -0.08140914269056944, -15661]","[13.726484114152152, -0.019210977287024766, -1146]"
29,"[16.231310755674205, -0.09537980953280799, -11563]","[16.327034455387828, -0.014662502987128682, -16509]","[16.65959597883748, -0.013235129010910297, -22459]","[16.65959597883748, -0.013235129010910297, -22459]","[18.53682667441718, -0.11545127951481124, -4195]","[16.65959597883748, -0.013235129010910297, -22459]","[15.347123186348915, -0.09639879596967724, -19484]","[19.138254994754114, -0.026785051362019457, -1146]"
30,"[12.649379826368222, -0.06312259394920258, -16178]","[13.018524318934448, -0.013449264666071048, -19076]","[13.486043636944562, -0.015717570026911317, -20410]","[13.486043636944562, -0.015717570026911317, -20410]","[14.639326941473929, -0.11314945014692467, -2967]","[13.486043636944562, -0.015717570026911317, -20410]","[12.777005717928292, -0.07378114074354557, -16226]","[13.726484114152152, -0.019210977287024766, -1146]"
31,"[14.80289951935215, -0.09237863101929648, -10616]","[16.32835489764909, -0.014102045462736244, -17190]","[16.6378885315389, -0.012848026490732802, -22017]","[16.6378885315389, -0.012848026490732802, -22017]","[18.350365961979676, -0.11598301001293196, -3987]","[16.6378885315389, -0.012848026490732802, -22017]","[15.164668691029554, -0.09400664625908213, -18131]","[19.138254994754114, -0.026785051362019457, -1146]"
32,"[12.49386172290621, -0.07282307007203404, -14965]","[12.826688820720056, -0.012715028722917647, -18953]","[13.107126201420881, -0.00805230142545578, -21479]","[13.107126201420881, -0.00805230142545578, -21479]","[14.889793975650273, -0.1137227538038109, -4269]","[13.107126201420881, -0.00805230142545578, -21479]","[12.336215131710723, -0.07551052348753214, -21139]","[13.726484114152152, -0.019210977287024766, -1146]"
33,"[15.395504371623975, -0.08283964655560459, -12770]","[16.21477899624455, -0.01395094105953955, -17456]","[16.549029583974548, -0.012576175536362562, -22876]","[16.549029583974548, -0.012576175536362562, -22876]","[18.438165672570474, -0.11482357080842782, -3656]","[16.549029583974548, -0.012576175536362562, -22876]","[14.868025569381103, -0.09632204927772436, -18127]","[19.138254994754114, -0.026785051362019457, -1146]"
34,"[13.076182619773007, -0.07994279646121487, -13416]","[12.900239826479213, -0.011998729828617452, -19622]","[13.416404649766312, -0.009678614495408192, -21547]","[13.416404649766312, -0.009678614495408192, -21547]","[14.80778139682765, -0.11407508261386687, -4033]","[13.416404649766312, -0.009678614495408192, -21547]","[11.916687819611717, -0.06750097940323449, -15237]","[13.726484114152152, -0.019210977287024766, -1146]"
35,"[13.161421797963342, -0.08990897300765925, -10034]","[12.86480496940851, -0.012339813527363413, -20400]","[13.09870100488345, -0.009674416000737223, -23343]","[13.09870100488345, -0.009674416000737223, -23343]","[14.533362575339835, -0.11599084059288782, -4322]","[13.09870100488345, -0.009674416000737223, -23343]","[12.352026446824496, -0.07071938453824256, -17944]","[13.726484114152152, -0.019210977287024766, -1146]"
36,"[12.232800028926683, -0.06776916490576457, -15285]","[12.97396454336973, -0.014223492380811643, -19141]","[13.40147888145353, -0.013234799805600269, -20078]","[13.40147888145353, -0.013234799805600269, -20078]","[14.528079345810518, -0.1130365702416672, -3190]","[13.40147888145353, -0.013234799805600269, -20078]","[12.785656375690246, -0.07301402628546595, -15431]","[13.726484114152152, -0.019210977287024766, -1146]"
37,"[12.861805006200356, -0.06569818303557735, -11878]","[12.82401341209409, -0.012860612656116273, -19249]","[13.27399382186523, -0.00902784743040936, -21686]","[13.27399382186523, -0.00902784743040936, -21686]","[14.768043990344559, -0.11469615903523804, -4068]","[13.27399382186523, -0.00902784743040936, -21686]","[11.367515262660977, -0.069448468156572, -19590]","[13.726484114152152, -0.019210977287024766, -1146]"
38,"[12.371836367771635, -0.06861999315238229, -15429]","[12.811240671430342, -0.012302996630875087, -19827]","[13.257704953265263, -0.00979755406436854, -21644]","[13.257704953265263, -0.00979755406436854, -21644]","[14.871771519573038, -0.11629625454345517, -4144]","[13.257704953265263, -0.00979755406436854, -21644]","[12.492368470509648, -0.06992992778622276, -17101]","[13.726484114152152, -0.019210977287024766, -1146]"
39,"[12.748296892563848, -0.08770454830061317, -13987]","[12.846355116542084, -0.0124250670054486, -19814]","[13.201153512503357, -0.00938513723804027, -22688]","[13.201153512503357, -0.00938513723804027, -22688]","[14.837433509254046, -0.11465028278164038, -3792]","[13.201153512503357, -0.00938513723804027, -22688]","[11.737069164506009, -0.06953332064853049, -14655]","[13.726484114152152, -0.019210977287024766, -1146]"
40,"[12.781522773745754, -0.07056313535380677, -15087]","[13.0752487178084, -0.013739177028293489, -18955]","[13.569552348136893, -0.016359000663559692, -20457]","[13.569552348136893, -0.016359000663559692, -20457]","[14.53403428934018, -0.11288915701260441, -3346]","[13.569552348136893, -0.016359000663559692, -20457]","[11.864655879937834, -0.06241743686070272, -19615]","[13.726484114152152, -0.019210977287024766, -1146]"
41,"[12.21278822370308, -0.06965026560418816, -15486]","[12.856447404534656, -0.012531607219648138, -19350]","[13.07631276114141, -0.008470006925214315, -20242]","[13.07631276114141, -0.008470006925214315, -20242]","[14.632402625524277, -0.11451801612816995, -3209]","[13.07631276114141, -0.008470006925214315, -20242]","[12.382008584001722, -0.06721668946772495, -14831]","[13.726484114152152, -0.019210977287024766, -1146]"
42,"[11.614315930226475, -0.07819137599620599, -16495]","[12.888565185683017, -0.012828164664802357, -20021]","[13.177077658105484, -0.008315560357822566, -21072]","[13.177077658105484, -0.008315560357822566, -21072]","[14.855569200482686, -0.11247290419012908, -4293]","[13.177077658105484, -0.008315560357822566, -21072]","[13.190246936325302, -0.07670380910057224, -18092]","[13.726484114152152, -0.019210977287024766, -1146]"
43,"[13.360372209821353, -0.07077775521026657, -10432]","[12.849190917497197, -0.012986599197206353, -19959]","[13.251105812690017, -0.008341467285521622, -20247]","[13.251105812690017, -0.008341467285521622, -20247]","[14.93867757092759, -0.11439437928926498, -3203]","[13.251105812690017, -0.008341467285521622, -20247]","[12.066228349895333, -0.08424890308390443, -20102]","[13.726484114152152, -0.019210977287024766, -1146]"
44,"[12.965403140145497, -0.08664772808331202, -13121]","[13.415515171099521, -0.014094646500080651, -19820]","[13.555313337841165, -0.010150568854772325, -21407]","[13.555313337841165, -0.010150568854772325, -21407]","[15.478976754607327, -0.11375920511902209, -3888]","[13.555313337841165, -0.010150568854772325, -21407]","[13.100653477569466, -0.08126448826096011, -14117]","[13.726484114152152, -0.019210977287024766, -1146]"
45,"[15.294393192212842, -0.10102062823160683, -16114]","[16.0167849928727, -0.014268312331263668, -17270]","[16.674406673986677, -0.013551662757212715, -21468]","[16.674406673986677, -0.013551662757212715, -21468]","[18.48779784389811, -0.11264421160456395, -3907]","[16.674406673986677, -0.013551662757212715, -21468]","[15.872615330989209, -0.08019571168509024, -17053]","[19.138254994754114, -0.026785051362019457, -1146]"
46,"[12.74395945748824, -0.08239401245426067, -13947]","[12.758952557767106, -0.012351407922498224, -19990]","[13.073778222811528, -0.009622492298130727, -22740]","[13.073778222811528, -0.009622492298130727, -22740]","[14.705115687522781, -0.11514032195688724, -3654]","[13.073778222811528, -0.009622492298130727, -22740]","[12.06497452751915, -0.0844694411843679, -17548]","[13.726484114152152, -0.019210977287024766, -1146]"
47,"[12.979464406279824, -0.07973308610256814, -16058]","[12.8934591015003, -0.012757639993462537, -18869]","[13.11926490669197, -0.009821459273412757, -21294]","[13.11926490669197, -0.009821459273412757, -21294]","[14.856557103608418, -0.11311603596713558, -4133]","[13.11926490669197, -0.009821459273412757, -21294]","[12.128161399428416, -0.0794266417272831, -20084]","[13.726484114152152, -0.019210977287024766, -1146]"
48,"[13.116162058802137, -0.08596471539920046, -13524]","[13.047552612087769, -0.013158163377600816, -19248]","[13.329010571666783, -0.01183828043868815, -20464]","[13.329010571666783, -0.01183828043868815, -20464]","[14.779951223807359, -0.11397645273492311, -3273]","[13.329010571666783, -0.01183828043868815, -20464]","[11.411295784039877, -0.06720479137584816, -21572]","[13.726484114152152, -0.019210977287024766, -1146]"
49,"[13.351950494844331, -0.07615805468744889, -13155]","[13.36094933675352, -0.014347694252689643, -19659]","[13.5057741111514, -0.010147071698785724, -21023]","[13.5057741111514, -0.010147071698785724, -21023]","[15.449893350140044, -0.11372339139232036, -3302]","[13.5057741111514, -0.010147071698785724, -21023]","[11.995073060745858, -0.06750821128849968, -17322]","[13.726484114152152, -0.019210977287024766, -1146]"
50,"[15.469211886246388, -0.08247433158843429, -14974]","[16.22222824049542, -0.013912294303769787, -18099]","[16.681570788656526, -0.012979703878272545, -21623]","[16.681570788656526, -0.012979703878272545, -21623]","[18.621098371074446, -0.11525647812142634, -3592]","[16.681570788656526, -0.012979703878272545, -21623]","[15.149388972946474, -0.08459990033232491, -15626]","[19.138254994754114, -0.026785051362019457, -1146]"
51,"[16.054408812613026, -0.09624111044121049, -15263]","[15.663261620332353, -0.013803792809271116, -16881]","[16.603694687673933, -0.014588072587268313, -20611]","[16.603694687673933, -0.014588072587268313, -20611]","[17.852152712207705, -0.11184560242325221, -3838]","[16.603694687673933, -0.014588072587268313, -20611]","[14.449223649686207, -0.0980998440681956, -18385]","[19.138254994754114, -0.026785051362019457, -1146]"
52,"[12.499814022346492, -0.07393348898833504, -12943]","[13.121182349107618, -0.01370595153925288, -19294]","[13.348908437255401, -0.012957640797132202, -20834]","[13.348908437255401, -0.012957640797132202, -20834]","[14.536499658175815, -0.10318880620557189, -3680]","[13.348908437255401, -0.012957640797132202, -20834]","[12.333725226370682, -0.08871558338328428, -17578]","[13.726484114152152, -0.019210977287024766, -1146]"
53,"[14.810510594155051, -0.08980366968464186, -11645]","[16.151011227043675, -0.014112965510765978, -17771]","[16.8173007558595, -0.013670439687306813, -22186]","[16.8173007558595, -0.013670439687306813, -22186]","[17.87771470338206, -0.1127141153077647, -3585]","[16.8173007558595, -0.013670439687306813, -22186]","[14.583755906367331, -0.08042622192163794, -21357]","[19.138254994754114, -0.026785051362019457, -1146]"
54,"[16.613053964680848, -0.09263439753957144, -10939]","[16.303059935754277, -0.021007923387599395, -16523]","[16.709621766318534, -0.013998764242704123, -20855]","[16.709621766318534, -0.013998764242704123, -20855]","[18.186132270972216, -0.11173054700170175, -3469]","[16.709621766318534, -0.013998764242704123, -20855]","[15.245571958872564, -0.09481830936861226, -15708]","[19.138254994754114, -0.026785051362019457, -1146]"
55,"[13.173764786173761, -0.061190613376268535, -15166]","[12.842443843541473, -0.013089780947642637, -19952]","[13.434540514084699, -0.01091148005878633, -20237]","[13.434540514084699, -0.01091148005878633, -20237]","[14.985539651298765, -0.11462471907814459, -3188]","[13.434540514084699, -0.01091148005878633, -20237]","[12.408977293930807, -0.07995954580893562, -18725]","[13.726484114152152, -0.019210977287024766, -1146]"
56,"[12.55490422174761, -0.07355479974941515, -11063]","[13.02180241276905, -0.013190772102476689, -19477]","[13.374979556150386, -0.014523142027611072, -20176]","[13.374979556150386, -0.014523142027611072, -20176]","[14.766997086100403, -0.11276879826483899, -3307]","[13.374979556150386, -0.014523142027611072, -20176]","[11.845314693339809, -0.06706014386260463, -21012]","[13.726484114152152, -0.019210977287024766, -1146]"
57,"[11.693825270261032, -0.07605926651135883, -12257]","[13.024874707722457, -0.013641973259278102, -19428]","[13.41810024988574, -0.014490283306702949, -20315]","[13.41810024988574, -0.014490283306702949, -20315]","[14.885542468234513, -0.11417759088513638, -3423]","[13.41810024988574, -0.014490283306702949, -20315]","[12.887292085666568, -0.08529611605408899, -13243]","[13.726484114152152, -0.019210977287024766, -1146]"
58,"[13.68414319882784, -0.08880413440110944, -13266]","[13.36339609953264, -0.014494040652784215, -19596]","[13.554984512900411, -0.010409779997777474, -21944]","[13.554984512900411, -0.010409779997777474, -21944]","[15.413735727912337, -0.11369800582336528, -3672]","[13.554984512900411, -0.010409779997777474, -21944]","[12.275578908863707, -0.077307128885912, -17278]","[13.726484114152152, -0.019210977287024766, -1146]"
59,"[13.047052444236563, -0.07047079338866129, -8822]","[13.365075800513349, -0.01450589208795144, -19649]","[13.544765968996765, -0.010140324557675932, -21248]","[13.544765968996765, -0.010140324557675932, -21248]","[15.278741738210082, -0.11370536468835772, -3486]","[13.544765968996765, -0.010140324557675932, -21248]","[12.477925981053756, -0.07374980942066185, -15558]","[13.726484114152152, -0.019210977287024766, -1146]"
60,"[14.777581073997133, -0.07797736358272558, -14199]","[16.171954564767134, -0.014099161128989486, -17324]","[16.739713053499, -0.013705168166590504, -21877]","[16.739713053499, -0.013705168166590504, -21877]","[18.512423853594548, -0.11337654766093563, -3594]","[16.739713053499, -0.013705168166590504, -21877]","[15.73992154343348, -0.09127665861345838, -18269]","[19.138254994754114, -0.026785051362019457, -1146]"
61,"[12.990175846483744, -0.06771048873863111, -13934]","[12.888078583527188, -0.013428084178068539, -19987]","[13.277604734511865, -0.011888052721825118, -20090]","[13.277604734511865, -0.011888052721825118, -20090]","[14.831034153271009, -0.11425704463776346, -3095]","[13.277604734511865, -0.011888052721825118, -20090]","[12.229463373257815, -0.08138799720235197, -16877]","[13.726484114152152, -0.019210977287024766, -1146]"
62,"[12.651873069714068, -0.07800733406154048, -12393]","[12.85017101366113, -0.012506573945772132, -19861]","[13.148747204507917, -0.008180129234734598, -21774]","[13.148747204507917, -0.008180129234734598, -21774]","[14.723746581290932, -0.11919622068973226, -4175]","[13.148747204507917, -0.008180129234734598, -21774]","[12.476797023312749, -0.06973549851978775, -20994]","[13.726484114152152, -0.019210977287024766, -1146]"
63,"[13.214944463024352, -0.07745198464906884, -13072]","[12.932104568484558, -0.012104346182523568, -19684]","[13.150514213190956, -0.007981970250855442, -22974]","[13.150514213190956, -0.007981970250855442, -22974]","[14.667497189761724, -0.1150453574970421, -4595]","[13.150514213190956, -0.007981970250855442, -22974]","[12.087535345010087, -0.07380115521158806, -19284]","[13.726484114152152, -0.019210977287024766, -1146]"
64,"[11.859183538356527, -0.07263220646007755, -10269]","[12.828244626618163, -0.01252038815532905, -19172]","[13.06143675866864, -0.009810338071974664, -21607]","[13.06143675866864, -0.009810338071974664, -21607]","[14.862357866578868, -0.11330764942255066, -3943]","[13.06143675866864, -0.009810338071974664, -21607]","[12.227415605722323, -0.07560849216891694, -20391]","[13.726484114152152, -0.019210977287024766, -1146]"
65,"[12.652214994956053, -0.07374355692082071, -13060]","[12.838290274063931, -0.011908840179868143, -19499]","[12.977705973478763, -0.007364568933632644, -22776]","[12.977705973478763, -0.007364568933632644, -22776]","[14.823035521641538, -0.11428231037405338, -4189]","[12.977705973478763, -0.007364568933632644, -22776]","[12.18524671847457, -0.07220442559403484, -12198]","[13.726484114152152, -0.019210977287024766, -1146]"
66,"[15.588444831396101, -0.09127841860040155, -10370]","[16.133000459126787, -0.013939534472378085, -17716]","[17.002743062886797, -0.016879430379879035, -22206]","[17.002743062886797, -0.016879430379879035, -22206]","[18.544356623196517, -0.11461684658220805, -3378]","[17.002743062886797, -0.016879430379879035, -22206]","[13.514055157517467, -0.10407439709324888, -20239]","[19.138254994754114, -0.026785051362019457, -1146]"
67,"[12.406034671121262, -0.06726129946878907, -11543]","[12.902330938457007, -0.012805459418058055, -20031]","[13.184511454047275, -0.008315332878655449, -21185]","[13.184511454047275, -0.008315332878655449, -21185]","[14.861247129764143, -0.11248116354357, -4267]","[13.184511454047275, -0.008315332878655449, -21185]","[12.69201913961159, -0.07626015043641383, -15519]","[13.726484114152152, -0.019210977287024766, -1146]"
68,"[13.3195534299089, -0.0866917673579518, -13795]","[12.752731060859718, -0.012445269599003092, -20124]","[13.12358943178035, -0.009275728950102117, -23459]","[13.12358943178035, -0.009275728950102117, -23459]","[14.804783801787426, -0.11497245541698312, -3799]","[13.12358943178035, -0.009275728950102117, -23459]","[11.975577014020129, -0.0625351174678196, -18798]","[13.726484114152152, -0.019210977287024766, -1146]"
69,"[13.61324861181039, -0.07425315286550697, -13443]","[12.833497810214809, -0.012005736261811875, -19659]","[13.413889647493907, -0.011204447967287649, -21627]","[13.413889647493907, -0.011204447967287649, -21627]","[14.709881601748293, -0.1143037671791703, -4115]","[13.413889647493907, -0.011204447967287649, -21627]","[12.329608889048494, -0.06846241254261344, -21801]","[13.726484114152152, -0.019210977287024766, -1146]"
70,"[15.223888479390574, -0.09736115214419289, -14847]","[16.19660589747084, -0.013872050762614852, -17974]","[16.66672469336283, -0.012471135883329936, -21767]","[16.66672469336283, -0.012471135883329936, -21767]","[18.609675544529303, -0.11537822238057291, -3515]","[16.66672469336283, -0.012471135883329936, -21767]","[14.570847536111765, -0.0984408032091552, -15566]","[19.138254994754114, -0.026785051362019457, -1146]"
71,"[15.340666954289654, -0.07785316362266154, -14769]","[16.263278132763546, -0.01379050896714256, -17223]","[16.575927848628858, -0.013568554115268496, -22862]","[16.575927848628858, -0.013568554115268496, -22862]","[17.934380595326225, -0.11438546730193463, -4005]","[16.575927848628858, -0.013568554115268496, -22862]","[14.37110033638287, -0.08002762371716188, -20939]","[19.138254994754114, -0.026785051362019457, -1146]"
72,"[11.535436946300997, -0.06626021289144915, -14768]","[12.915765764883503, -0.013029404491088255, -20238]","[13.38109098995885, -0.011537141810741827, -20773]","[13.38109098995885, -0.011537141810741827, -20773]","[14.952985299521941, -0.11259438002876096, -3897]","[13.38109098995885, -0.011537141810741827, -20773]","[12.555352764352003, -0.06901108523583083, -14774]","[13.726484114152152, -0.019210977287024766, -1146]"
73,"[12.93704142327373, -0.07317288193725859, -11504]","[12.863539027547278, -0.013179746603031884, -19908]","[13.005677148892717, -0.007284361297070546, -20873]","[13.005677148892717, -0.007284361297070546, -20873]","[14.915055956899344, -0.11436079983079896, -3030]","[13.005677148892717, -0.007284361297070546, -20873]","[11.598568396003364, -0.07891336356172944, -18631]","[13.726484114152152, -0.019210977287024766, -1146]"
74,"[12.936221621016957, -0.075472949558586, -12453]","[12.832143422330102, -0.012767844549072538, -19103]","[13.272144637803745, -0.01104487155325966, -21769]","[13.272144637803745, -0.01104487155325966, -21769]","[14.783169322408364, -0.11490684355510825, -4074]","[13.272144637803745, -0.01104487155325966, -21769]","[12.468033153906656, -0.07909652375314837, -16354]","[13.726484114152152, -0.019210977287024766, -1146]"
75,"[14.789643435084859, -0.08538791959256709, -15563]","[15.89103460470277, -0.013842378053665526, -16819]","[16.58788332427133, -0.01350702199762875, -21070]","[16.58788332427133, -0.01350702199762875, -21070]","[18.397328195726015, -0.11370085253510394, -3626]","[16.58788332427133, -0.01350702199762875, -21070]","[15.153121126550046, -0.10624738223698468, -15191]","[19.138254994754114, -0.026785051362019457, -1146]"
76,"[13.363366027306304, -0.07240934976609646, -11741]","[13.0145710456033, -0.01352499349950241, -19437]","[13.467051494893308, -0.015694440453660103, -20781]","[13.467051494893308, -0.015694440453660103, -20781]","[14.683452859788929, -0.11394547590693115, -3576]","[13.467051494893308, -0.015694440453660103, -20781]","[12.981370477227985, -0.07766445104754753, -16025]","[13.726484114152152, -0.019210977287024766, -1146]"
77,"[15.4119293640637, -0.08968875427529083, -14525]","[15.916889792024058, -0.013763967154847095, -17288]","[16.884619066551323, -0.015549554478446765, -20607]","[16.884619066551323, -0.015549554478446765, -20607]","[18.10660126958598, -0.11361202035957886, -3522]","[16.884619066551323, -0.015549554478446765, -20607]","[14.706568474051148, -0.07776601282083773, -16069]","[19.138254994754114, -0.026785051362019457, -1146]"
78,"[12.970657398440236, -0.07226684039029922, -10654]","[13.354566155863662, -0.013897756869498436, -19948]","[13.419870739568601, -0.00816953442221851, -22089]","[13.419870739568601, -0.00816953442221851, -22089]","[15.28429497107327, -0.11423018920926363, -3715]","[13.419870739568601, -0.00816953442221851, -22089]","[12.625812400099852, -0.07241418794497421, -19291]","[13.726484114152152, -0.019210977287024766, -1146]"
79,"[15.675977118617086, -0.09098230146267872, -13826]","[16.196770111823433, -0.013907822048277613, -18037]","[16.63022505136557, -0.012699283701563388, -21408]","[16.63022505136557, -0.012699283701563388, -21408]","[18.558792211470806, -0.11510938139032893, -3532]","[16.63022505136557, -0.012699283701563388, -21408]","[15.012451530999918, -0.08539630610638901, -16538]","[19.138254994754114, -0.026785051362019457, -1146]"
80,"[15.089283919233285, -0.09687979292918154, -16481]","[16.33851212075433, -0.01421767370838066, -16629]","[16.816598029063634, -0.01552713811218732, -22701]","[16.816598029063634, -0.01552713811218732, -22701]","[18.37840567714652, -0.11538721360838189, -4061]","[16.816598029063634, -0.01552713811218732, -22701]","[16.10069422732908, -0.09630907164563518, -15554]","[19.138254994754114, -0.026785051362019457, -1146]"
81,"[15.071222733975194, -0.09346499885210229, -14118]","[16.22931928759016, -0.014612018790111389, -16845]","[16.883690473357962, -0.015435050139640546, -21317]","[16.883690473357962, -0.015435050139640546, -21317]","[18.240966517183185, -0.1206638951497234, -3875]","[16.883690473357962, -0.015435050139640546, -21317]","[15.375840628639482, -0.0877390958298915, -17600]","[19.138254994754114, -0.026785051362019457, -1146]"
82,"[12.470339309658431, -0.086765482720631, -14030]","[12.877772967687488, -0.01314907103110572, -19940]","[13.227922317381962, -0.00802745782791441, -20230]","[13.227922317381962, -0.00802745782791441, -20230]","[14.809731006015049, -0.11433414379840784, -3488]","[13.227922317381962, -0.00802745782791441, -20230]","[11.993084553542293, -0.06754546004665983, -18719]","[13.726484114152152, -0.019210977287024766, -1146]"
83,"[13.00384556780535, -0.07909112654412316, -15345]","[13.407881003588722, -0.014049348153747716, -20024]","[13.550593678821016, -0.01013502228100591, -21311]","[13.550593678821016, -0.01013502228100591, -21311]","[15.481836800226299, -0.1137654505787952, -3750]","[13.550593678821016, -0.01013502228100591, -21311]","[12.37038397094315, -0.07780709540450105, -20335]","[13.726484114152152, -0.019210977287024766, -1146]"
84,"[15.562266169440354, -0.08515120573246907, -11609]","[16.0944263954436, -0.018797980333456657, -16233]","[16.717599000079215, -0.014519749059155984, -20631]","[16.717599000079215, -0.014519749059155984, -20631]","[17.845546890408603, -0.11094841448938526, -3577]","[16.717599000079215, -0.014519749059155984, -20631]","[15.443930342145698, -0.11298783847966418, -14150]","[19.138254994754114, -0.026785051362019457, -1146]"
85,"[14.854960803306426, -0.07648061235127891, -9849]","[15.549432134973252, -0.01370200758608832, -17081]","[16.516540852315913, -0.01425068178196632, -20658]","[16.516540852315913, -0.01425068178196632, -20658]","[18.02722463778792, -0.11120982073801497, -3460]","[16.516540852315913, -0.01425068178196632, -20658]","[14.497543841490053, -0.0873262081350608, -16308]","[19.138254994754114, -0.026785051362019457, -1146]"
86,"[12.31431503543945, -0.07561713296639634, -15912]","[12.856202917559987, -0.012721274916504736, -19649]","[13.044247056622392, -0.008145798519740465, -20513]","[13.044247056622392, -0.008145798519740465, -20513]","[14.573576328974324, -0.11403426017146354, -3402]","[13.044247056622392, -0.008145798519740465, -20513]","[12.527503867370275, -0.07218166675306988, -17161]","[13.726484114152152, -0.019210977287024766, -1146]"
87,"[12.992455604101497, -0.08506473283287529, -13119]","[12.75893185451471, -0.012994256707896593, -19225]","[13.102674500289625, -0.008678872229214495, -19833]","[13.102674500289625, -0.008678872229214495, -19833]","[14.85243156834495, -0.11306798329678822, -3659]","[13.102674500289625, -0.008678872229214495, -19833]","[11.55717202910605, -0.06370918033280876, -18149]","[13.726484114152152, -0.019210977287024766, -1146]"
88,"[12.696094363219318, -0.07016800662154846, -12350]","[12.788815845390248, -0.012453458226925031, -19398]","[13.098099968417527, -0.009727013212928215, -21799]","[13.098099968417527, -0.009727013212928215, -21799]","[14.697684828301707, -0.11272488974219205, -4116]","[13.098099968417527, -0.009727013212928215, -21799]","[12.554255652765695, -0.08029866982237056, -15466]","[13.726484114152152, -0.019210977287024766, -1146]"
89,"[13.164136898147675, -0.07777619529146833, -11071]","[13.257947688797348, -0.01399196593217774, -19532]","[13.711855246967184, -0.01184707565913345, -20697]","[13.711855246967184, -0.01184707565913345, -20697]","[15.241786706479372, -0.11432531372714336, -3242]","[13.711855246967184, -0.01184707565913345, -20697]","[12.519933710652804, -0.07029619092833224, -16862]","[13.726484114152152, -0.019210977287024766, -1146]"
90,"[13.30171550213107, -0.07791002056306388, -13812]","[12.86621273973723, -0.01253230246896332, -19712]","[13.09418240471052, -0.007834539899736535, -22877]","[13.09418240471052, -0.007834539899736535, -22877]","[14.759860851495402, -0.11557845002035833, -4020]","[13.09418240471052, -0.007834539899736535, -22877]","[12.112919596273901, -0.07345173692833092, -17472]","[13.726484114152152, -0.019210977287024766, -1146]"
91,"[15.309413379363924, -0.08242679524827846, -14990]","[16.074268287649407, -0.014027208608443533, -18905]","[16.71486246453545, -0.013327254310303448, -20836]","[16.71486246453545, -0.013327254310303448, -20836]","[17.838900917145384, -0.10962326464194187, -3678]","[16.71486246453545, -0.013327254310303448, -20836]","[14.2552489596465, -0.09442683568401507, -18430]","[19.138254994754114, -0.026785051362019457, -1146]"
92,"[15.126565534999786, -0.07523453414308598, -12771]","[16.125509752763328, -0.013952803291716331, -17437]","[16.68748139928291, -0.01550017469348587, -21501]","[16.68748139928291, -0.01550017469348587, -21501]","[18.592613583967218, -0.1131229734106694, -3762]","[16.68748139928291, -0.01550017469348587, -21501]","[15.260531601478307, -0.08619096324095316, -16894]","[19.138254994754114, -0.026785051362019457, -1146]"
93,"[12.549656210020348, -0.06948743752843511, -10624]","[12.978358116527266, -0.012500223517950002, -19267]","[13.429745029096654, -0.011659680439130795, -21634]","[13.429745029096654, -0.011659680439130795, -21634]","[14.811787894935282, -0.11296487563176279, -4344]","[13.429745029096654, -0.011659680439130795, -21634]","[10.329505249260404, -0.06945801031302355, -18380]","[13.726484114152152, -0.019210977287024766, -1146]"
94,"[13.090031767477027, -0.07958714381985, -14273]","[12.964940737436757, -0.013407654211336913, -19475]","[13.428828254980399, -0.014657558213476703, -20092]","[13.428828254980399, -0.014657558213476703, -20092]","[15.057023920091174, -0.11530459266115994, -2847]","[13.428828254980399, -0.014657558213476703, -20092]","[13.010966688708837, -0.07466492573265675, -15647]","[13.726484114152152, -0.019210977287024766, -1146]"
95,"[13.237242854718364, -0.0754439997748772, -13591]","[13.192540364933379, -0.014115898381652468, -19466]","[13.280035817084414, -0.008280512143955043, -21736]","[13.280035817084414, -0.008280512143955043, -21736]","[15.281706014063323, -0.11336154048977352, -3626]","[13.280035817084414, -0.008280512143955043, -21736]","[12.073943284626788, -0.07355644933349498, -19917]","[13.726484114152152, -0.019210977287024766, -1146]"
96,"[12.9378280167413, -0.06512078297964982, -14926]","[12.977486119460432, -0.013483917173395565, -19381]","[13.328399430541554, -0.0118262627829881, -20518]","[13.328399430541554, -0.0118262627829881, -20518]","[14.555160320621251, -0.11360222974663663, -3848]","[13.328399430541554, -0.0118262627829881, -20518]","[12.814435467355452, -0.06648508392377366, -16897]","[13.726484114152152, -0.019210977287024766, -1146]"
97,"[15.824310740851363, -0.08602487227956843, -13343]","[16.246600229059325, -0.013945621563380977, -17303]","[16.706567477195186, -0.015448409495903453, -22804]","[16.706567477195186, -0.015448409495903453, -22804]","[18.342615136667536, -0.11615566187172996, -3626]","[16.706567477195186, -0.015448409495903453, -22804]","[14.122435496339431, -0.08636026374115749, -20371]","[19.138254994754114, -0.026785051362019457, -1146]"
98,"[15.630838829937117, -0.09513293223191016, -14514]","[16.025005296754816, -0.014146007551937578, -17212]","[16.74161014873269, -0.014472087660472211, -20916]","[16.74161014873269, -0.014472087660472211, -20916]","[18.584723513321592, -0.11268941066208041, -3844]","[16.74161014873269, -0.014472087660472211, -20916]","[14.6496257047358, -0.08882034241399167, -17064]","[19.138254994754114, -0.026785051362019457, -1146]"
99,"[13.036488827140841, -0.07639408024053768, -11844]","[12.99344626399147, -0.013470585498954107, -19167]","[13.411143656638195, -0.014825913769522768, -20015]","[13.411143656638195, -0.014825913769522768, -20015]","[15.009362153699264, -0.11517588947089313, -2823]","[13.411143656638195, -0.014825913769522768, -20015]","[12.65365531255693, -0.06677398812224371, -14836]","[13.726484114152152, -0.019210977287024766, -1146]"
